"Status","Start Time","Stop Time","Duration in ms","Parent Suite","Suite","Sub Suite","Test Class","Test Method","Name","Description"
"passed","Tue Jan 31 13:10:31 GMT 2023","Tue Jan 31 13:10:31 GMT 2023","1","","S3 Textract data fetcher","","S3 Textract data fetcher","S3 Textract data fetcher with fetched JSON array of empty objects","S3 Textract data fetcher with fetched JSON array of empty objects",""
"passed","Tue Jan 31 13:10:49 GMT 2023","Tue Jan 31 13:10:49 GMT 2023","1","","Textract warnings logger","","Textract warnings logger","Textract warnings logger with single warning with code and pages","Textract warnings logger with single warning with code and pages",""
"passed","Tue Jan 31 13:10:36 GMT 2023","Tue Jan 31 13:10:36 GMT 2023","2","","src/shared/utils/s3.test.ts","","src/shared/utils/s3.test.ts","Delete object without callback error","Delete object without callback error",""
"passed","Tue Jan 31 13:10:54 GMT 2023","Tue Jan 31 13:10:54 GMT 2023","1","","Standardised date text getter","","Standardised date text getter","Standardised date text getter with 1 Feb 2000","Standardised date text getter with 1 Feb 2000",""
"passed","Tue Jan 31 13:10:44 GMT 2023","Tue Jan 31 13:10:44 GMT 2023","2","","Filter handler tests","","Filter handler tests","Failing send message","Failing send message",""
"passed","Tue Jan 31 13:10:41 GMT 2023","Tue Jan 31 13:10:41 GMT 2023","1","","Queued expense analysis notification data getter","","Queued expense analysis notification data getter","Queued expense analysis notification data getter with record body message without valid document location","Queued expense analysis notification data getter with record body message without valid document location",""
"passed","Tue Jan 31 13:10:36 GMT 2023","Tue Jan 31 13:10:36 GMT 2023","19","","src/shared/utils/s3.test.ts","","src/shared/utils/s3.test.ts","Fetch object without callback error","Fetch object without callback error",""
"passed","Tue Jan 31 13:10:54 GMT 2023","Tue Jan 31 13:10:54 GMT 2023","0","","Standardised date text getter","","Standardised date text getter","Standardised date text getter with 01 FEB 2000","Standardised date text getter with 01 FEB 2000",""
"passed","Tue Jan 31 13:10:40 GMT 2023","Tue Jan 31 13:10:40 GMT 2023","2","","Vendor service config getter","","Vendor service config getter","Vendor service config getter with no cached config","Vendor service config getter with no cached config",""
"passed","Tue Jan 31 13:10:39 GMT 2023","Tue Jan 31 13:10:39 GMT 2023","1","","Query execution validator","","Query execution validator","Query execution validator with query execution with queued state","Query execution validator with query execution with queued state",""
"passed","Tue Jan 31 13:10:31 GMT 2023","Tue Jan 31 13:10:31 GMT 2023","1","","Standardised invoice storer","","Standardised invoice storer","Standardised invoice storer without error","Standardised invoice storer without error",""
"passed","Tue Jan 31 13:10:31 GMT 2023","Tue Jan 31 13:10:31 GMT 2023","1","","S3 Textract data fetcher","","S3 Textract data fetcher","S3 Textract data fetcher with fetched line item groups undefined","S3 Textract data fetcher with fetched line item groups undefined",""
"passed","Tue Jan 31 13:10:40 GMT 2023","Tue Jan 31 13:10:40 GMT 2023","6","","Vendor service config getter","","Vendor service config getter","Vendor service config getter with no cached config and fetch error","Vendor service config getter with no cached config and fetch error",""
"passed","Tue Jan 31 13:10:33 GMT 2023","Tue Jan 31 13:10:33 GMT 2023","8","","Extract handler test","","Extract handler test","Extract handler with valid event record calls textract function startExpenseAnalysis","Extract handler with valid event record calls textract function startExpenseAnalysis",""
"passed","Tue Jan 31 13:10:42 GMT 2023","Tue Jan 31 13:10:42 GMT 2023","4","","src/handlers/store-transactions/handler.test.ts","","src/handlers/store-transactions/handler.test.ts","Store Transactions handler with empty event batch","Store Transactions handler with empty event batch",""
"passed","Tue Jan 31 13:10:54 GMT 2023","Tue Jan 31 13:10:54 GMT 2023","16","","Invoice receipt ID getter","","Invoice receipt ID getter","Invoice receipt ID getter with no Textract value","Invoice receipt ID getter with no Textract value",""
"passed","Tue Jan 31 13:10:58 GMT 2023","Tue Jan 31 13:10:58 GMT 2023","4","","Textract failure handler","","Textract failure handler","Textract failure handler","Textract failure handler",""
"passed","Tue Jan 31 13:10:30 GMT 2023","Tue Jan 31 13:10:30 GMT 2023","10","","Standardised invoice getter","","Standardised invoice getter","Standardised invoice getter with no pages","Standardised invoice getter with no pages",""
"passed","Tue Jan 31 13:10:49 GMT 2023","Tue Jan 31 13:10:49 GMT 2023","1","","Textract warnings logger","","Textract warnings logger","Textract warnings logger with single warning with pages and no code","Textract warnings logger with single warning with pages and no code",""
"passed","Tue Jan 31 13:10:41 GMT 2023","Tue Jan 31 13:10:41 GMT 2023","0","","Athena view resource data getter","","Athena view resource data getter","Athena view resource data getter with `View.Query` not string","Athena view resource data getter with `View.Query` not string",""
"passed","Tue Jan 31 13:10:35 GMT 2023","Tue Jan 31 13:10:35 GMT 2023","1","","Custom Athena view resource handler","","Custom Athena view resource handler","Custom Athena view resource handler with query execution start result without ID","Custom Athena view resource handler with query execution start result without ID",""
"passed","Tue Jan 31 13:10:57 GMT 2023","Tue Jan 31 13:10:57 GMT 2023","2","","Record sender tests","","Record sender tests","Record sender without callback error","Record sender without callback error",""
"passed","Tue Jan 31 13:10:39 GMT 2023","Tue Jan 31 13:10:39 GMT 2023","1","","Query execution validator","","Query execution validator","Query execution validator with query execution with cancellation state","Query execution validator with query execution with cancellation state",""
"passed","Tue Jan 31 13:10:36 GMT 2023","Tue Jan 31 13:10:36 GMT 2023","13","","src/shared/utils/s3.test.ts","","src/shared/utils/s3.test.ts","Move object with delete callback error","Move object with delete callback error",""
"passed","Tue Jan 31 13:10:33 GMT 2023","Tue Jan 31 13:10:33 GMT 2023","1","","Extract handler test","","Extract handler test","Extract handler with event record that has valid S3 event in body with no records","Extract handler with event record that has valid S3 event in body with no records",""
"passed","Tue Jan 31 13:10:45 GMT 2023","Tue Jan 31 13:10:45 GMT 2023","0","","Highest confidence Textract value getter","","Highest confidence Textract value getter","Highest confidence Textract value getter with field no matching field","Highest confidence Textract value getter with field no matching field",""
"passed","Tue Jan 31 13:10:30 GMT 2023","Tue Jan 31 13:10:30 GMT 2023","3","","Standardised invoice getter","","Standardised invoice getter","Standardised invoice getter with undefined line item fields","Standardised invoice getter with undefined line item fields",""
"passed","Tue Jan 31 13:10:40 GMT 2023","Tue Jan 31 13:10:40 GMT 2023","1","","Vendor service config getter","","Vendor service config getter","Vendor service config getter with CSV converter error","Vendor service config getter with CSV converter error",""
"passed","Tue Jan 31 13:10:42 GMT 2023","Tue Jan 31 13:10:42 GMT 2023","2","","src/handlers/store-transactions/handler.test.ts","","src/handlers/store-transactions/handler.test.ts","Failing puts to S3","Failing puts to S3",""
"passed","Tue Jan 31 13:10:46 GMT 2023","Tue Jan 31 13:10:46 GMT 2023","4","","Store Raw Invoice Textract Data handler tests","","Store Raw Invoice Textract Data handler tests","Store Raw Invoice Textract Data handler with two failing records","Store Raw Invoice Textract Data handler with two failing records",""
"passed","Tue Jan 31 13:10:35 GMT 2023","Tue Jan 31 13:10:35 GMT 2023","7","","Custom Athena view resource handler","","Custom Athena view resource handler","Custom Athena view resource handler with invalid event","Custom Athena view resource handler with invalid event",""
"passed","Tue Jan 31 13:10:33 GMT 2023","Tue Jan 31 13:10:33 GMT 2023","1","","Extract handler test","","Extract handler test","Extract handler with valid event record that doesnt have an sns topic throws an error","Extract handler with valid event record that doesnt have an sns topic throws an error",""
"passed","Tue Jan 31 13:10:31 GMT 2023","Tue Jan 31 13:10:31 GMT 2023","5","","S3 Textract data fetcher","","S3 Textract data fetcher","S3 Textract data fetcher with fetch error","S3 Textract data fetcher with fetch error",""
"passed","Tue Jan 31 13:10:36 GMT 2023","Tue Jan 31 13:10:36 GMT 2023","2","","S3 event records getter tests","","S3 event records getter tests","S3 event records getter with body records not array","S3 event records getter with body records not array",""
"passed","Tue Jan 31 13:10:47 GMT 2023","Tue Jan 31 13:10:47 GMT 2023","11","","Unit price getter","","Unit price getter","Unit price getter with money parsing error","Unit price getter with money parsing error",""
"passed","Tue Jan 31 13:10:45 GMT 2023","Tue Jan 31 13:10:45 GMT 2023","0","","Highest confidence Textract value getter","","Highest confidence Textract value getter","Highest confidence Textract value getter with field without value","Highest confidence Textract value getter with field without value",""
"passed","Tue Jan 31 13:10:31 GMT 2023","Tue Jan 31 13:10:31 GMT 2023","5","","Standardised invoice storer","","Standardised invoice storer","Standardised invoice storer with object key not in folder","Standardised invoice storer with object key not in folder",""
"passed","Tue Jan 31 13:10:42 GMT 2023","Tue Jan 31 13:10:42 GMT 2023","1","","Expense documents fetcher","","Expense documents fetcher","Expense documents fetcher without success status","Expense documents fetcher without success status",""
"passed","Tue Jan 31 13:10:54 GMT 2023","Tue Jan 31 13:10:54 GMT 2023","1","","Standardised date text getter","","Standardised date text getter","Standardised date text getter with month abbreviation too short","Standardised date text getter with month abbreviation too short",""
"passed","Tue Jan 31 13:10:41 GMT 2023","Tue Jan 31 13:10:41 GMT 2023","0","","Athena view resource data getter","","Athena view resource data getter","Athena view resource data getter with `View.Name` not string","Athena view resource data getter with `View.Name` not string",""
"passed","Tue Jan 31 13:10:31 GMT 2023","Tue Jan 31 13:10:31 GMT 2023","1","","S3 Textract data fetcher","","S3 Textract data fetcher","S3 Textract data fetcher with fetched summary field type defined but not object","S3 Textract data fetcher with fetched summary field type defined but not object",""
"passed","Tue Jan 31 13:10:57 GMT 2023","Tue Jan 31 13:10:57 GMT 2023","6","","Tax payer ID getter","","Tax payer ID getter","Tax payer ID getter","Tax payer ID getter",""
"passed","Tue Jan 31 13:10:38 GMT 2023","Tue Jan 31 13:10:38 GMT 2023","3","","src/handlers/clean/handler.test.ts","","src/handlers/clean/handler.test.ts","Clean handler with event whose records have invalid bodies","Clean handler with event whose records have invalid bodies",""
"passed","Tue Jan 31 13:10:44 GMT 2023","Tue Jan 31 13:10:44 GMT 2023","1","","Filter handler tests","","Filter handler tests","SQS output queue not defined","SQS output queue not defined",""
"passed","Tue Jan 31 13:10:30 GMT 2023","Tue Jan 31 13:10:30 GMT 2023","2","","Standardised invoice getter","","Standardised invoice getter","Standardised invoice getter with no line items","Standardised invoice getter with no line items",""
"passed","Tue Jan 31 13:10:31 GMT 2023","Tue Jan 31 13:10:31 GMT 2023","1","","S3 Textract data fetcher","","S3 Textract data fetcher","S3 Textract data fetcher with fetched line item field empty object","S3 Textract data fetcher with fetched line item field empty object",""
"passed","Tue Jan 31 13:10:31 GMT 2023","Tue Jan 31 13:10:31 GMT 2023","0","","S3 Textract data fetcher","","S3 Textract data fetcher","S3 Textract data fetcher with fetched summary field empty object","S3 Textract data fetcher with fetched summary field empty object",""
"passed","Tue Jan 31 13:10:32 GMT 2023","Tue Jan 31 13:10:32 GMT 2023","1","","src/shared/utils/custom-resource-utils.test.ts","","src/shared/utils/custom-resource-utils.test.ts","Result sender with response error","Result sender with response error",""
"passed","Tue Jan 31 13:10:43 GMT 2023","Tue Jan 31 13:10:43 GMT 2023","2","","Store Standardised Invoices handler tests","","Store Standardised Invoices handler tests","Store Standardised Invoices handler with one failing and one passing record","Store Standardised Invoices handler with one failing and one passing record",""
"passed","Tue Jan 31 13:10:54 GMT 2023","Tue Jan 31 13:10:54 GMT 2023","1","","Standardised date text getter","","Standardised date text getter","Standardised date text getter with 01/02/2000","Standardised date text getter with 01/02/2000",""
"passed","Tue Jan 31 13:10:33 GMT 2023","Tue Jan 31 13:10:33 GMT 2023","2","","Extract handler test","","Extract handler test","Extract handler with an undefined JobId throws error","Extract handler with an undefined JobId throws error",""
"passed","Tue Jan 31 13:10:36 GMT 2023","Tue Jan 31 13:10:36 GMT 2023","2","","src/shared/utils/s3.test.ts","","src/shared/utils/s3.test.ts","Put object without callback error","Put object without callback error",""
"passed","Tue Jan 31 13:10:33 GMT 2023","Tue Jan 31 13:10:33 GMT 2023","1","","Extract handler test","","Extract handler test","Extract handler with event record that has body that does not serialise to object","Extract handler with event record that has body that does not serialise to object",""
"passed","Tue Jan 31 13:10:45 GMT 2023","Tue Jan 31 13:10:45 GMT 2023","1","","Highest confidence Textract value getter","","Highest confidence Textract value getter","Highest confidence Textract value getter with field without type","Highest confidence Textract value getter with field without type",""
"passed","Tue Jan 31 13:10:54 GMT 2023","Tue Jan 31 13:10:54 GMT 2023","0","","Standardised date text getter","","Standardised date text getter","Standardised date text getter with 11/12/2000","Standardised date text getter with 11/12/2000",""
"passed","Tue Jan 31 13:10:36 GMT 2023","Tue Jan 31 13:10:36 GMT 2023","2","","S3 event records getter tests","","S3 event records getter tests","S3 event records getter with body JSON not object","S3 event records getter with body JSON not object",""
"passed","Tue Jan 31 13:10:56 GMT 2023","Tue Jan 31 13:10:56 GMT 2023","1","","src/shared/utils/date-utils.test.ts","","src/shared/utils/date-utils.test.ts","Date is formatted to yyyy-mm-dd with a date that is single digits","Date is formatted to yyyy-mm-dd with a date that is single digits",""
"passed","Tue Jan 31 13:10:31 GMT 2023","Tue Jan 31 13:10:31 GMT 2023","0","","S3 Textract data fetcher","","S3 Textract data fetcher","S3 Textract data fetcher with fetched line item groups not array","S3 Textract data fetcher with fetched line item groups not array",""
"passed","Tue Jan 31 13:10:56 GMT 2023","Tue Jan 31 13:10:56 GMT 2023","1","","src/shared/utils/date-utils.test.ts","","src/shared/utils/date-utils.test.ts","Date is formatted to yyyy-mm-dd with a date and month that is not single digits","Date is formatted to yyyy-mm-dd with a date and month that is not single digits",""
"passed","Tue Jan 31 13:10:49 GMT 2023","Tue Jan 31 13:10:49 GMT 2023","3","","Textract warnings logger","","Textract warnings logger","Textract warnings logger with empty array","Textract warnings logger with empty array",""
"passed","Tue Jan 31 13:10:38 GMT 2023","Tue Jan 31 13:10:38 GMT 2023","2","","src/handlers/clean/handler.test.ts","","src/handlers/clean/handler.test.ts","Clean handler with valid event record that has valid optional values","Clean handler with valid event record that has valid optional values",""
"passed","Tue Jan 31 13:10:44 GMT 2023","Tue Jan 31 13:10:44 GMT 2023","4","","Filter handler tests","","Filter handler tests","Filter handler with empty event batch","Filter handler with empty event batch",""
"passed","Tue Jan 31 13:10:33 GMT 2023","Tue Jan 31 13:10:33 GMT 2023","0","","Extract handler test","","Extract handler test","Extract handler with event record that does not have a JSON serialisable body","Extract handler with event record that does not have a JSON serialisable body",""
"passed","Tue Jan 31 13:10:45 GMT 2023","Tue Jan 31 13:10:45 GMT 2023","3","","Highest confidence Textract value getter","","Highest confidence Textract value getter","Highest confidence Textract value getter with no fields","Highest confidence Textract value getter with no fields",""
"passed","Tue Jan 31 13:10:36 GMT 2023","Tue Jan 31 13:10:36 GMT 2023","12","","src/shared/utils/s3.test.ts","","src/shared/utils/s3.test.ts","Delete object with callback error","Delete object with callback error",""
"passed","Tue Jan 31 13:10:31 GMT 2023","Tue Jan 31 13:10:31 GMT 2023","1","","S3 Textract data fetcher","","S3 Textract data fetcher","S3 Textract data fetcher with fetched summary field type text defined but not string","S3 Textract data fetcher with fetched summary field type text defined but not string",""
"passed","Tue Jan 31 13:10:48 GMT 2023","Tue Jan 31 13:10:48 GMT 2023","1","","Due date getter","","Due date getter","Due date getter with Textract value","Due date getter with Textract value",""
"passed","Tue Jan 31 13:10:33 GMT 2023","Tue Jan 31 13:10:33 GMT 2023","1","","Extract handler test","","Extract handler test","Extract handler with event record that has valid S3 event in body with no client ID folder","Extract handler with event record that has valid S3 event in body with no client ID folder",""
"passed","Tue Jan 31 13:10:41 GMT 2023","Tue Jan 31 13:10:41 GMT 2023","0","","Athena view resource data getter","","Athena view resource data getter","Athena view resource data getter with `View.Workgroup` not string","Athena view resource data getter with `View.Workgroup` not string",""
"passed","Tue Jan 31 13:10:39 GMT 2023","Tue Jan 31 13:10:39 GMT 2023","1","","Query execution validator","","Query execution validator","Query execution validator with query execution with failure state","Query execution validator with query execution with failure state",""
"passed","Tue Jan 31 13:10:49 GMT 2023","Tue Jan 31 13:10:49 GMT 2023","1","","Price getter","","Price getter","Price getter with Textract value","Price getter with Textract value",""
"passed","Tue Jan 31 13:10:35 GMT 2023","Tue Jan 31 13:10:35 GMT 2023","15","","Custom Athena view resource handler","","Custom Athena view resource handler","Custom Athena view resource handler with request type ""Delete""","Custom Athena view resource handler with request type ""Delete""",""
"passed","Tue Jan 31 13:10:36 GMT 2023","Tue Jan 31 13:10:36 GMT 2023","17","","src/shared/utils/s3.test.ts","","src/shared/utils/s3.test.ts","Put object with callback error","Put object with callback error",""
"passed","Tue Jan 31 13:10:43 GMT 2023","Tue Jan 31 13:10:43 GMT 2023","1","","Store Standardised Invoices handler tests","","Store Standardised Invoices handler tests","Store Standardised Invoices handler with no destination bucket set","Store Standardised Invoices handler with no destination bucket set",""
"passed","Tue Jan 31 13:10:31 GMT 2023","Tue Jan 31 13:10:31 GMT 2023","1","","S3 Textract data fetcher","","S3 Textract data fetcher","S3 Textract data fetcher with fetched line item with fields undefined","S3 Textract data fetcher with fetched line item with fields undefined",""
"passed","Tue Jan 31 13:10:56 GMT 2023","Tue Jan 31 13:10:56 GMT 2023","3","","src/shared/utils/date-utils.test.ts","","src/shared/utils/date-utils.test.ts","Date is formatted to yyyy-mm-dd with a month that is single digits","Date is formatted to yyyy-mm-dd with a month that is single digits",""
"passed","Tue Jan 31 13:10:58 GMT 2023","Tue Jan 31 13:10:58 GMT 2023","3","","Number from money text getter","","Number from money text getter","Number from money text getter with 0.00","Number from money text getter with 0.00",""
"passed","Tue Jan 31 13:10:41 GMT 2023","Tue Jan 31 13:10:41 GMT 2023","1","","Athena view resource data getter","","Athena view resource data getter","Athena view resource data getter with `View` not object","Athena view resource data getter with `View` not object",""
"passed","Tue Jan 31 13:10:41 GMT 2023","Tue Jan 31 13:10:41 GMT 2023","0","","Athena view resource data getter","","Athena view resource data getter","Athena view resource data getter with no `View.Database`","Athena view resource data getter with no `View.Database`",""
"passed","Tue Jan 31 13:10:38 GMT 2023","Tue Jan 31 13:10:38 GMT 2023","4","","src/handlers/clean/handler.test.ts","","src/handlers/clean/handler.test.ts","Clean handler with empty event batch","Clean handler with empty event batch",""
"passed","Tue Jan 31 13:10:53 GMT 2023","Tue Jan 31 13:10:53 GMT 2023","6","","Total getter","","Total getter","Total getter with no Textract value","Total getter with no Textract value",""
"passed","Tue Jan 31 13:10:39 GMT 2023","Tue Jan 31 13:10:39 GMT 2023","2","","Expense documents storer","","Expense documents storer","Expense documents storer with source file in failure folder","Expense documents storer with source file in failure folder",""
"passed","Tue Jan 31 13:10:31 GMT 2023","Tue Jan 31 13:10:31 GMT 2023","1","","S3 Textract data fetcher","","S3 Textract data fetcher","S3 Textract data fetcher with fetched summary field type empty object","S3 Textract data fetcher with fetched summary field type empty object",""
"passed","Tue Jan 31 13:10:32 GMT 2023","Tue Jan 31 13:10:32 GMT 2023","1","","src/shared/utils/custom-resource-utils.test.ts","","src/shared/utils/custom-resource-utils.test.ts","Result sender with no error","Result sender with no error",""
"passed","Tue Jan 31 13:10:30 GMT 2023","Tue Jan 31 13:10:30 GMT 2023","3","","Standardised invoice getter","","Standardised invoice getter","Standardised invoice getter with a line item","Standardised invoice getter with a line item",""
"passed","Tue Jan 31 13:10:32 GMT 2023","Tue Jan 31 13:10:32 GMT 2023","6","","src/shared/utils/custom-resource-utils.test.ts","","src/shared/utils/custom-resource-utils.test.ts","Result sender with creation event","Result sender with creation event",""
"passed","Tue Jan 31 13:10:42 GMT 2023","Tue Jan 31 13:10:42 GMT 2023","1","","Expense documents fetcher","","Expense documents fetcher","Expense documents fetcher with response warnings","Expense documents fetcher with response warnings",""
"passed","Tue Jan 31 13:10:42 GMT 2023","Tue Jan 31 13:10:42 GMT 2023","5","","Expense documents fetcher","","Expense documents fetcher","Expense documents fetcher with request failure","Expense documents fetcher with request failure",""
"passed","Tue Jan 31 13:10:38 GMT 2023","Tue Jan 31 13:10:38 GMT 2023","5","","src/handlers/clean/handler.test.ts","","src/handlers/clean/handler.test.ts","Clean handler with valid event record that has extensions but no iss","Clean handler with valid event record that has extensions but no iss",""
"passed","Tue Jan 31 13:10:33 GMT 2023","Tue Jan 31 13:10:33 GMT 2023","0","","Extract handler test","","Extract handler test","Extract handler with event record that has invalid S3 event in body","Extract handler with event record that has invalid S3 event in body",""
"passed","Tue Jan 31 13:10:56 GMT 2023","Tue Jan 31 13:10:56 GMT 2023","1","","Quantity getter","","Quantity getter","Quantity getter with value 10000,00","Quantity getter with value 10000,00",""
"passed","Tue Jan 31 13:10:48 GMT 2023","Tue Jan 31 13:10:48 GMT 2023","4","","Due date getter","","Due date getter","Due date getter with no Textract value","Due date getter with no Textract value",""
"passed","Tue Jan 31 13:10:31 GMT 2023","Tue Jan 31 13:10:31 GMT 2023","1","","S3 Textract data fetcher","","S3 Textract data fetcher","S3 Textract data fetcher with fetched summary undefined","S3 Textract data fetcher with fetched summary undefined",""
"passed","Tue Jan 31 13:10:40 GMT 2023","Tue Jan 31 13:10:40 GMT 2023","0","","Vendor service config getter","","Vendor service config getter","Vendor service config getter with invalid fetched config","Vendor service config getter with invalid fetched config",""
"passed","Tue Jan 31 13:10:56 GMT 2023","Tue Jan 31 13:10:56 GMT 2023","0","","src/shared/utils/date-utils.test.ts","","src/shared/utils/date-utils.test.ts","Number is zero-padded with a number that is double digits","Number is zero-padded with a number that is double digits",""
"passed","Tue Jan 31 13:10:58 GMT 2023","Tue Jan 31 13:10:58 GMT 2023","1","","Number from money text getter","","Number from money text getter","Number from money text getter with £10000.00","Number from money text getter with £10000.00",""
"passed","Tue Jan 31 13:10:41 GMT 2023","Tue Jan 31 13:10:41 GMT 2023","0","","Queued expense analysis notification data getter","","Queued expense analysis notification data getter","Queued expense analysis notification data getter with record body message without valid job ID","Queued expense analysis notification data getter with record body message without valid job ID",""
"passed","Tue Jan 31 13:10:42 GMT 2023","Tue Jan 31 13:10:42 GMT 2023","1","","src/handlers/store-transactions/handler.test.ts","","src/handlers/store-transactions/handler.test.ts","Bucket name not defined","Bucket name not defined",""
"passed","Tue Jan 31 13:10:54 GMT 2023","Tue Jan 31 13:10:54 GMT 2023","0","","Standardised date text getter","","Standardised date text getter","Standardised date text getter with 12 Sept 2000","Standardised date text getter with 12 Sept 2000",""
"passed","Tue Jan 31 13:10:31 GMT 2023","Tue Jan 31 13:10:31 GMT 2023","2","","Standardised invoice storer","","Standardised invoice storer","Standardised invoice storer with Textract fetch error","Standardised invoice storer with Textract fetch error",""
"passed","Tue Jan 31 13:10:35 GMT 2023","Tue Jan 31 13:10:35 GMT 2023","1","","Custom Athena view resource handler","","Custom Athena view resource handler","Custom Athena view resource handler with query execution start error","Custom Athena view resource handler with query execution start error",""
"passed","Tue Jan 31 13:10:56 GMT 2023","Tue Jan 31 13:10:56 GMT 2023","1","","Quantity getter","","Quantity getter","Quantity getter with value 10000.00","Quantity getter with value 10000.00",""
"passed","Tue Jan 31 13:10:53 GMT 2023","Tue Jan 31 13:10:53 GMT 2023","6","","Invoice receipt date getter","","Invoice receipt date getter","Invoice receipt date getter with no Textract value","Invoice receipt date getter with no Textract value",""
"passed","Tue Jan 31 13:10:54 GMT 2023","Tue Jan 31 13:10:54 GMT 2023","0","","Standardised date text getter","","Standardised date text getter","Standardised date text getter with 1-2-2000","Standardised date text getter with 1-2-2000",""
"passed","Tue Jan 31 13:10:32 GMT 2023","Tue Jan 31 13:10:32 GMT 2023","2","","src/shared/utils/custom-resource-utils.test.ts","","src/shared/utils/custom-resource-utils.test.ts","Result sender with deletion event","Result sender with deletion event",""
"passed","Tue Jan 31 13:10:41 GMT 2023","Tue Jan 31 13:10:41 GMT 2023","1","","Athena view resource data getter","","Athena view resource data getter","Athena view resource data getter with no `View.Workgroup`","Athena view resource data getter with no `View.Workgroup`",""
"passed","Tue Jan 31 13:10:40 GMT 2023","Tue Jan 31 13:10:40 GMT 2023","103","","Vendor service config getter","","Vendor service config getter","Vendor service config getter called multiple times in parallel","Vendor service config getter called multiple times in parallel",""
"passed","Tue Jan 31 13:10:56 GMT 2023","Tue Jan 31 13:10:56 GMT 2023","4","","Quantity getter","","Quantity getter","Quantity getter with value undefined","Quantity getter with value undefined",""
"passed","Tue Jan 31 13:10:41 GMT 2023","Tue Jan 31 13:10:41 GMT 2023","1","","Athena view resource data getter","","Athena view resource data getter","Athena view resource data getter with no `View.Query`","Athena view resource data getter with no `View.Query`",""
"passed","Tue Jan 31 13:10:31 GMT 2023","Tue Jan 31 13:10:31 GMT 2023","1","","S3 Textract data fetcher","","S3 Textract data fetcher","S3 Textract data fetcher with fetched line item field type text defined but not string","S3 Textract data fetcher with fetched line item field type text defined but not string",""
"passed","Tue Jan 31 13:10:48 GMT 2023","Tue Jan 31 13:10:48 GMT 2023","1","","Subtotal getter","","Subtotal getter","Subtotal getter with Textract value","Subtotal getter with Textract value",""
"passed","Tue Jan 31 13:10:42 GMT 2023","Tue Jan 31 13:10:42 GMT 2023","1","","src/handlers/store-transactions/handler.test.ts","","src/handlers/store-transactions/handler.test.ts","Transactions folder name not defined","Transactions folder name not defined",""
"passed","Tue Jan 31 13:10:31 GMT 2023","Tue Jan 31 13:10:31 GMT 2023","0","","S3 Textract data fetcher","","S3 Textract data fetcher","S3 Textract data fetcher with fetched line items undefined","S3 Textract data fetcher with fetched line items undefined",""
"passed","Tue Jan 31 13:10:43 GMT 2023","Tue Jan 31 13:10:43 GMT 2023","3","","Store Standardised Invoices handler tests","","Store Standardised Invoices handler tests","Store Standardised Invoices handler with two failing records","Store Standardised Invoices handler with two failing records",""
"passed","Tue Jan 31 13:10:33 GMT 2023","Tue Jan 31 13:10:33 GMT 2023","2","","Extract handler test","","Extract handler test","Extract handler with single event record that has valid S3 event in body with multiple records","Extract handler with single event record that has valid S3 event in body with multiple records",""
"passed","Tue Jan 31 13:10:36 GMT 2023","Tue Jan 31 13:10:36 GMT 2023","3","","src/shared/utils/s3.test.ts","","src/shared/utils/s3.test.ts","Move object to folder","Move object to folder",""
"passed","Tue Jan 31 13:10:39 GMT 2023","Tue Jan 31 13:10:39 GMT 2023","1","","Query execution validator","","Query execution validator","Query execution validator with query execution with unrecognised state","Query execution validator with query execution with unrecognised state",""
"passed","Tue Jan 31 13:10:39 GMT 2023","Tue Jan 31 13:10:39 GMT 2023","1","","Query execution validator","","Query execution validator","Query execution validator with query execution with failure state and error message","Query execution validator with query execution with failure state and error message",""
"passed","Tue Jan 31 13:10:31 GMT 2023","Tue Jan 31 13:10:31 GMT 2023","0","","S3 Textract data fetcher","","S3 Textract data fetcher","S3 Textract data fetcher with fetched line item field type empty object","S3 Textract data fetcher with fetched line item field type empty object",""
"passed","Tue Jan 31 13:10:54 GMT 2023","Tue Jan 31 13:10:54 GMT 2023","0","","Standardised date text getter","","Standardised date text getter","Standardised date text getter with 1.2.2000","Standardised date text getter with 1.2.2000",""
"passed","Tue Jan 31 13:10:57 GMT 2023","Tue Jan 31 13:10:57 GMT 2023","4","","Item description getter","","Item description getter","Item description getter","Item description getter",""
"passed","Tue Jan 31 13:10:48 GMT 2023","Tue Jan 31 13:10:48 GMT 2023","1","","Due date getter","","Due date getter","Due date getter with date parsing error","Due date getter with date parsing error",""
"passed","Tue Jan 31 13:10:49 GMT 2023","Tue Jan 31 13:10:49 GMT 2023","1","","Textract warnings logger","","Textract warnings logger","Textract warnings logger with single warning with code and no pages","Textract warnings logger with single warning with code and no pages",""
"passed","Tue Jan 31 13:10:31 GMT 2023","Tue Jan 31 13:10:31 GMT 2023","1","","S3 Textract data fetcher","","S3 Textract data fetcher","S3 Textract data fetcher with fetched line item field not object","S3 Textract data fetcher with fetched line item field not object",""
"passed","Tue Jan 31 13:10:39 GMT 2023","Tue Jan 31 13:10:39 GMT 2023","5","","Query execution validator","","Query execution validator","Query execution validator with query execution retrieval error","Query execution validator with query execution retrieval error",""
"passed","Tue Jan 31 13:10:54 GMT 2023","Tue Jan 31 13:10:54 GMT 2023","0","","Standardised date text getter","","Standardised date text getter","Standardised date text getter with 1/2/2000","Standardised date text getter with 1/2/2000",""
"passed","Tue Jan 31 13:10:39 GMT 2023","Tue Jan 31 13:10:39 GMT 2023","1","","Query execution validator","","Query execution validator","Query execution validator with query execution with successful state","Query execution validator with query execution with successful state",""
"passed","Tue Jan 31 13:10:31 GMT 2023","Tue Jan 31 13:10:31 GMT 2023","1","","S3 Textract data fetcher","","S3 Textract data fetcher","S3 Textract data fetcher with invalid JSON in fetched file","S3 Textract data fetcher with invalid JSON in fetched file",""
"passed","Tue Jan 31 13:10:54 GMT 2023","Tue Jan 31 13:10:54 GMT 2023","4","","Standardised date text getter","","Standardised date text getter","Standardised date text getter with nonexistent month","Standardised date text getter with nonexistent month",""
"passed","Tue Jan 31 13:10:45 GMT 2023","Tue Jan 31 13:10:45 GMT 2023","0","","Highest confidence Textract value getter","","Highest confidence Textract value getter","Highest confidence Textract value getter multiple matching fields","Highest confidence Textract value getter multiple matching fields",""
"passed","Tue Jan 31 13:10:41 GMT 2023","Tue Jan 31 13:10:41 GMT 2023","1","","Athena view resource data getter","","Athena view resource data getter","Athena view resource data getter with `View.Database` not string","Athena view resource data getter with `View.Database` not string",""
"passed","Tue Jan 31 13:10:54 GMT 2023","Tue Jan 31 13:10:54 GMT 2023","1","","Standardised date text getter","","Standardised date text getter","Standardised date text getter with 11 12 2000","Standardised date text getter with 11 12 2000",""
"passed","Tue Jan 31 13:10:52 GMT 2023","Tue Jan 31 13:10:52 GMT 2023","10","","Handler test for integration test support function","","Handler test for integration test support function","Input event with getS3Object command calls getS3Object function with given parameters","Input event with getS3Object command calls getS3Object function with given parameters",""
"passed","Tue Jan 31 13:10:40 GMT 2023","Tue Jan 31 13:10:40 GMT 2023","0","","Vendor service config getter","","Vendor service config getter","Vendor service config getter with field found","Vendor service config getter with field found",""
"passed","Tue Jan 31 13:10:56 GMT 2023","Tue Jan 31 13:10:56 GMT 2023","1","","Quantity getter","","Quantity getter","Quantity getter with value 10000","Quantity getter with value 10000",""
"passed","Tue Jan 31 13:10:31 GMT 2023","Tue Jan 31 13:10:31 GMT 2023","1","","S3 Textract data fetcher","","S3 Textract data fetcher","S3 Textract data fetcher with fetched empty JSON array","S3 Textract data fetcher with fetched empty JSON array",""
"passed","Tue Jan 31 13:10:36 GMT 2023","Tue Jan 31 13:10:36 GMT 2023","3","","src/shared/utils/s3.test.ts","","src/shared/utils/s3.test.ts","Fetch object with callback error","Fetch object with callback error",""
"passed","Tue Jan 31 13:10:40 GMT 2023","Tue Jan 31 13:10:40 GMT 2023","5","","Vendor service config getter","","Vendor service config getter","Vendor service config getter with cached config","Vendor service config getter with cached config",""
"passed","Tue Jan 31 13:10:33 GMT 2023","Tue Jan 31 13:10:33 GMT 2023","1","","Extract handler test","","Extract handler test","Extract handler with valid event record that doesnt have a textract role throws an error","Extract handler with valid event record that doesnt have a textract role throws an error",""
"passed","Tue Jan 31 13:10:36 GMT 2023","Tue Jan 31 13:10:36 GMT 2023","4","","src/shared/utils/s3.test.ts","","src/shared/utils/s3.test.ts","Move object without callback error","Move object without callback error",""
"passed","Tue Jan 31 13:10:36 GMT 2023","Tue Jan 31 13:10:36 GMT 2023","1","","S3 event records getter tests","","S3 event records getter tests","S3 event records getter with valid record","S3 event records getter with valid record",""
"passed","Tue Jan 31 13:10:54 GMT 2023","Tue Jan 31 13:10:54 GMT 2023","0","","Standardised date text getter","","Standardised date text getter","Standardised date text getter with 11-12-2000","Standardised date text getter with 11-12-2000",""
"passed","Tue Jan 31 13:10:53 GMT 2023","Tue Jan 31 13:10:53 GMT 2023","1","","Invoice receipt date getter","","Invoice receipt date getter","Invoice receipt date getter with Textract value","Invoice receipt date getter with Textract value",""
"passed","Tue Jan 31 13:10:58 GMT 2023","Tue Jan 31 13:10:58 GMT 2023","0","","Number from money text getter","","Number from money text getter","Number from money text getter with £10,000.00","Number from money text getter with £10,000.00",""
"passed","Tue Jan 31 13:10:36 GMT 2023","Tue Jan 31 13:10:36 GMT 2023","1","","S3 event records getter tests","","S3 event records getter tests","S3 event records getter with body record without S3 object","S3 event records getter with body record without S3 object",""
"passed","Tue Jan 31 13:10:31 GMT 2023","Tue Jan 31 13:10:31 GMT 2023","1","","S3 Textract data fetcher","","S3 Textract data fetcher","S3 Textract data fetcher with fetched summary field value detection text defined but not string","S3 Textract data fetcher with fetched summary field value detection text defined but not string",""
"passed","Tue Jan 31 13:10:31 GMT 2023","Tue Jan 31 13:10:31 GMT 2023","2","","Standardised invoice storer","","Standardised invoice storer","Standardised invoice storer with S3 storing failure","Standardised invoice storer with S3 storing failure",""
"passed","Tue Jan 31 13:10:44 GMT 2023","Tue Jan 31 13:10:44 GMT 2023","6","","Textract success handler","","Textract success handler","Textract success handler with S3 put error","Textract success handler with S3 put error",""
"passed","Tue Jan 31 13:10:36 GMT 2023","Tue Jan 31 13:10:36 GMT 2023","3","","src/shared/utils/s3.test.ts","","src/shared/utils/s3.test.ts","Put text without callback error","Put text without callback error",""
"passed","Tue Jan 31 13:10:54 GMT 2023","Tue Jan 31 13:10:54 GMT 2023","0","","Standardised date text getter","","Standardised date text getter","Standardised date text getter with 01 February 2000","Standardised date text getter with 01 February 2000",""
"passed","Tue Jan 31 13:10:49 GMT 2023","Tue Jan 31 13:10:49 GMT 2023","2","","Price getter","","Price getter","Price getter with money parsing error","Price getter with money parsing error",""
"passed","Tue Jan 31 13:10:31 GMT 2023","Tue Jan 31 13:10:31 GMT 2023","0","","S3 Textract data fetcher","","S3 Textract data fetcher","S3 Textract data fetcher with fetched summary field value detection confidence defined but not number","S3 Textract data fetcher with fetched summary field value detection confidence defined but not number",""
"passed","Tue Jan 31 13:10:41 GMT 2023","Tue Jan 31 13:10:41 GMT 2023","0","","Queued expense analysis notification data getter","","Queued expense analysis notification data getter","Queued expense analysis notification data getter with record body not object","Queued expense analysis notification data getter with record body not object",""
"passed","Tue Jan 31 13:10:30 GMT 2023","Tue Jan 31 13:10:30 GMT 2023","4","","Standardised invoice getter","","Standardised invoice getter","Standardised invoice getter with undefined summary fields","Standardised invoice getter with undefined summary fields",""
"passed","Tue Jan 31 13:10:31 GMT 2023","Tue Jan 31 13:10:31 GMT 2023","1","","S3 Textract data fetcher","","S3 Textract data fetcher","S3 Textract data fetcher with fetched line item field type defined but not object","S3 Textract data fetcher with fetched line item field type defined but not object",""
"passed","Tue Jan 31 13:10:36 GMT 2023","Tue Jan 31 13:10:36 GMT 2023","2","","S3 event records getter tests","","S3 event records getter tests","S3 event records getter with body record S3 object without key","S3 event records getter with body record S3 object without key",""
"passed","Tue Jan 31 13:10:52 GMT 2023","Tue Jan 31 13:10:52 GMT 2023","1","","Handler test for integration test support function","","Handler test for integration test support function","Input event with listS3Objects command calls listS3Objects function with given parameters","Input event with listS3Objects command calls listS3Objects function with given parameters",""
"passed","Tue Jan 31 13:10:31 GMT 2023","Tue Jan 31 13:10:31 GMT 2023","1","","Standardised invoice storer","","Standardised invoice storer","Standardised invoice storer with no storage records","Standardised invoice storer with no storage records",""
"passed","Tue Jan 31 13:10:54 GMT 2023","Tue Jan 31 13:10:54 GMT 2023","0","","Standardised date text getter","","Standardised date text getter","Standardised date text getter with 01 02 2000","Standardised date text getter with 01 02 2000",""
"passed","Tue Jan 31 13:10:42 GMT 2023","Tue Jan 31 13:10:42 GMT 2023","1","","Expense documents fetcher","","Expense documents fetcher","Expense documents fetcher with response with one page of documents","Expense documents fetcher with response with one page of documents",""
"passed","Tue Jan 31 13:10:58 GMT 2023","Tue Jan 31 13:10:58 GMT 2023","1","","Number from money text getter","","Number from money text getter","Number from money text getter with £ 10,000.00","Number from money text getter with £ 10,000.00",""
"passed","Tue Jan 31 13:10:31 GMT 2023","Tue Jan 31 13:10:31 GMT 2023","1","","Standardised invoice storer","","Standardised invoice storer","Standardised invoice storer with invoice validation failure","Standardised invoice storer with invoice validation failure",""
"passed","Tue Jan 31 13:10:43 GMT 2023","Tue Jan 31 13:10:43 GMT 2023","1","","Store Standardised Invoices handler tests","","Store Standardised Invoices handler tests","Store Standardised Invoices handler with no destination folder set","Store Standardised Invoices handler with no destination folder set",""
"passed","Tue Jan 31 13:10:31 GMT 2023","Tue Jan 31 13:10:31 GMT 2023","0","","S3 Textract data fetcher","","S3 Textract data fetcher","S3 Textract data fetcher with fetched line item with fields defined but not array","S3 Textract data fetcher with fetched line item with fields defined but not array",""
"passed","Tue Jan 31 13:10:58 GMT 2023","Tue Jan 31 13:10:58 GMT 2023","0","","Number from money text getter","","Number from money text getter","Number from money text getter with £0.00","Number from money text getter with £0.00",""
"passed","Tue Jan 31 13:10:38 GMT 2023","Tue Jan 31 13:10:38 GMT 2023","2","","src/handlers/clean/handler.test.ts","","src/handlers/clean/handler.test.ts","Clean handler with minimal valid event record","Clean handler with minimal valid event record",""
"passed","Tue Jan 31 13:10:54 GMT 2023","Tue Jan 31 13:10:54 GMT 2023","2","","Standardised date text getter","","Standardised date text getter","Standardised date text getter with invalid format","Standardised date text getter with invalid format",""
"passed","Tue Jan 31 13:10:56 GMT 2023","Tue Jan 31 13:10:56 GMT 2023","1","","Quantity getter","","Quantity getter","Quantity getter with value 10.000,00","Quantity getter with value 10.000,00",""
"passed","Tue Jan 31 13:10:42 GMT 2023","Tue Jan 31 13:10:42 GMT 2023","2","","Expense documents fetcher","","Expense documents fetcher","Expense documents fetcher with response with two pages of documents","Expense documents fetcher with response with two pages of documents",""
"passed","Tue Jan 31 13:10:40 GMT 2023","Tue Jan 31 13:10:40 GMT 2023","1","","Vendor service config getter","","Vendor service config getter","Vendor service config getter with no cached config and no vendor service config","Vendor service config getter with no cached config and no vendor service config",""
"passed","Tue Jan 31 13:10:31 GMT 2023","Tue Jan 31 13:10:31 GMT 2023","1","","S3 Textract data fetcher","","S3 Textract data fetcher","S3 Textract data fetcher with fetched line item field value detection empty object","S3 Textract data fetcher with fetched line item field value detection empty object",""
"passed","Tue Jan 31 13:10:39 GMT 2023","Tue Jan 31 13:10:39 GMT 2023","1","","Expense documents storer","","Expense documents storer","Expense documents storer with no error","Expense documents storer with no error",""
"passed","Tue Jan 31 13:10:39 GMT 2023","Tue Jan 31 13:10:39 GMT 2023","1","","Expense documents storer","","Expense documents storer","Expense documents storer with document fetch error","Expense documents storer with document fetch error",""
"passed","Tue Jan 31 13:10:58 GMT 2023","Tue Jan 31 13:10:58 GMT 2023","1","","Valid Textract status type guard","","Valid Textract status type guard","Valid Textract status type guard with invalid status","Valid Textract status type guard with invalid status",""
"passed","Tue Jan 31 13:10:41 GMT 2023","Tue Jan 31 13:10:41 GMT 2023","0","","Queued expense analysis notification data getter","","Queued expense analysis notification data getter","Queued expense analysis notification data getter with record body message document location without valid file name","Queued expense analysis notification data getter with record body message document location without valid file name",""
"passed","Tue Jan 31 13:10:32 GMT 2023","Tue Jan 31 13:10:32 GMT 2023","2","","src/shared/utils/custom-resource-utils.test.ts","","src/shared/utils/custom-resource-utils.test.ts","Result sender with request error","Result sender with request error",""
"passed","Tue Jan 31 13:10:49 GMT 2023","Tue Jan 31 13:10:49 GMT 2023","4","","Tax getter","","Tax getter","Tax getter with no Textract value","Tax getter with no Textract value",""
"passed","Tue Jan 31 13:10:58 GMT 2023","Tue Jan 31 13:10:58 GMT 2023","2","","Number from money text getter","","Number from money text getter","Number from money text getter with invalid money text","Number from money text getter with invalid money text",""
"passed","Tue Jan 31 13:10:36 GMT 2023","Tue Jan 31 13:10:36 GMT 2023","22","","S3 event records getter tests","","S3 event records getter tests","S3 event records getter with body record without bucket","S3 event records getter with body record without bucket",""
"passed","Tue Jan 31 13:10:32 GMT 2023","Tue Jan 31 13:10:32 GMT 2023","2","","src/shared/utils/custom-resource-utils.test.ts","","src/shared/utils/custom-resource-utils.test.ts","Result sender with update event","Result sender with update event",""
"passed","Tue Jan 31 13:10:39 GMT 2023","Tue Jan 31 13:10:39 GMT 2023","1","","Query execution validator","","Query execution validator","Query execution validator with query execution with running state","Query execution validator with query execution with running state",""
"passed","Tue Jan 31 13:10:36 GMT 2023","Tue Jan 31 13:10:36 GMT 2023","2","","S3 event records getter tests","","S3 event records getter tests","S3 event records getter with body record empty object","S3 event records getter with body record empty object",""
"passed","Tue Jan 31 13:10:36 GMT 2023","Tue Jan 31 13:10:36 GMT 2023","3","","src/shared/utils/s3.test.ts","","src/shared/utils/s3.test.ts","Put text with callback error","Put text with callback error",""
"passed","Tue Jan 31 13:10:47 GMT 2023","Tue Jan 31 13:10:47 GMT 2023","5","","Unit price getter","","Unit price getter","Unit price getter with no Textract value","Unit price getter with no Textract value",""
"passed","Tue Jan 31 13:10:48 GMT 2023","Tue Jan 31 13:10:48 GMT 2023","21","","Subtotal getter","","Subtotal getter","Subtotal getter with no Textract value","Subtotal getter with no Textract value",""
"passed","Tue Jan 31 13:10:41 GMT 2023","Tue Jan 31 13:10:41 GMT 2023","1","","Queued expense analysis notification data getter","","Queued expense analysis notification data getter","Queued expense analysis notification data getter with record body message without valid status","Queued expense analysis notification data getter with record body message without valid status",""
"passed","Tue Jan 31 13:10:58 GMT 2023","Tue Jan 31 13:10:58 GMT 2023","0","","Number from money text getter","","Number from money text getter","Number from money text getter with £ 10000.00","Number from money text getter with £ 10000.00",""
"passed","Tue Jan 31 13:10:41 GMT 2023","Tue Jan 31 13:10:41 GMT 2023","2","","Queued expense analysis notification data getter","","Queued expense analysis notification data getter","Queued expense analysis notification data getter with valid record","Queued expense analysis notification data getter with valid record",""
"passed","Tue Jan 31 13:10:41 GMT 2023","Tue Jan 31 13:10:41 GMT 2023","0","","Queued expense analysis notification data getter","","Queued expense analysis notification data getter","Queued expense analysis notification data getter with record body message document location without valid bucket","Queued expense analysis notification data getter with record body message document location without valid bucket",""
"passed","Tue Jan 31 13:10:56 GMT 2023","Tue Jan 31 13:10:56 GMT 2023","1","","Quantity getter","","Quantity getter","Quantity getter with value 10.000","Quantity getter with value 10.000",""
"passed","Tue Jan 31 13:10:49 GMT 2023","Tue Jan 31 13:10:49 GMT 2023","2","","Tax getter","","Tax getter","Tax getter with money parsing error","Tax getter with money parsing error",""
"passed","Tue Jan 31 13:10:42 GMT 2023","Tue Jan 31 13:10:42 GMT 2023","1","","Expense documents fetcher","","Expense documents fetcher","Expense documents fetcher with error message","Expense documents fetcher with error message",""
"passed","Tue Jan 31 13:10:39 GMT 2023","Tue Jan 31 13:10:39 GMT 2023","1","","Query execution validator","","Query execution validator","Query execution validator with query execution without state","Query execution validator with query execution without state",""
"passed","Tue Jan 31 13:10:44 GMT 2023","Tue Jan 31 13:10:44 GMT 2023","1","","Textract success handler","","Textract success handler","Textract success handler with no error","Textract success handler with no error",""
"passed","Tue Jan 31 13:10:36 GMT 2023","Tue Jan 31 13:10:36 GMT 2023","2","","S3 event records getter tests","","S3 event records getter tests","S3 event records getter with body record bucket without name","S3 event records getter with body record bucket without name",""
"passed","Tue Jan 31 13:10:35 GMT 2023","Tue Jan 31 13:10:35 GMT 2023","1","","Custom Athena view resource handler","","Custom Athena view resource handler","Custom Athena view resource handler with request type ""Update""","Custom Athena view resource handler with request type ""Update""",""
"passed","Tue Jan 31 13:10:58 GMT 2023","Tue Jan 31 13:10:58 GMT 2023","1","","Number from money text getter","","Number from money text getter","Number from money text getter with 10,000.00","Number from money text getter with 10,000.00",""
"passed","Tue Jan 31 13:10:56 GMT 2023","Tue Jan 31 13:10:56 GMT 2023","0","","src/shared/utils/date-utils.test.ts","","src/shared/utils/date-utils.test.ts","Year, month, and day are formatted to yyyy-mm-dd","Year, month, and day are formatted to yyyy-mm-dd",""
"passed","Tue Jan 31 13:10:31 GMT 2023","Tue Jan 31 13:10:31 GMT 2023","1","","S3 Textract data fetcher","","S3 Textract data fetcher","S3 Textract data fetcher with fetched line item field value detection confidence defined but not number","S3 Textract data fetcher with fetched line item field value detection confidence defined but not number",""
"passed","Tue Jan 31 13:10:49 GMT 2023","Tue Jan 31 13:10:49 GMT 2023","4","","Price getter","","Price getter","Price getter with no Textract value","Price getter with no Textract value",""
"passed","Tue Jan 31 13:10:35 GMT 2023","Tue Jan 31 13:10:35 GMT 2023","1","","Custom Athena view resource handler","","Custom Athena view resource handler","Custom Athena view resource handler with request type ""Create""","Custom Athena view resource handler with request type ""Create""",""
"passed","Tue Jan 31 13:10:36 GMT 2023","Tue Jan 31 13:10:36 GMT 2023","28","","S3 event records getter tests","","S3 event records getter tests","S3 event records getter with invalid body JSON","S3 event records getter with invalid body JSON",""
"passed","Tue Jan 31 13:10:31 GMT 2023","Tue Jan 31 13:10:31 GMT 2023","1","","S3 Textract data fetcher","","S3 Textract data fetcher","S3 Textract data fetcher with fetched line item field value detection defined but not object","S3 Textract data fetcher with fetched line item field value detection defined but not object",""
"passed","Tue Jan 31 13:10:45 GMT 2023","Tue Jan 31 13:10:45 GMT 2023","0","","Highest confidence Textract value getter","","Highest confidence Textract value getter","Highest confidence Textract value getter with empty fields","Highest confidence Textract value getter with empty fields",""
"passed","Tue Jan 31 13:10:45 GMT 2023","Tue Jan 31 13:10:45 GMT 2023","1","","Highest confidence Textract value getter","","Highest confidence Textract value getter","Highest confidence Textract value getter with field without confidence","Highest confidence Textract value getter with field without confidence",""
"passed","Tue Jan 31 13:10:31 GMT 2023","Tue Jan 31 13:10:31 GMT 2023","0","","S3 Textract data fetcher","","S3 Textract data fetcher","S3 Textract data fetcher with fetched summary field value detection defined but not object","S3 Textract data fetcher with fetched summary field value detection defined but not object",""
"passed","Tue Jan 31 13:10:31 GMT 2023","Tue Jan 31 13:10:31 GMT 2023","0","","S3 Textract data fetcher","","S3 Textract data fetcher","S3 Textract data fetcher with fetched line items defined but not array","S3 Textract data fetcher with fetched line items defined but not array",""
"passed","Tue Jan 31 13:10:31 GMT 2023","Tue Jan 31 13:10:31 GMT 2023","0","","S3 Textract data fetcher","","S3 Textract data fetcher","S3 Textract data fetcher with fetched summary field value detection empty object","S3 Textract data fetcher with fetched summary field value detection empty object",""
"passed","Tue Jan 31 13:10:39 GMT 2023","Tue Jan 31 13:10:39 GMT 2023","0","","Expense documents storer","","Expense documents storer","Expense documents storer with unsuccessful status","Expense documents storer with unsuccessful status",""
"passed","Tue Jan 31 13:10:41 GMT 2023","Tue Jan 31 13:10:41 GMT 2023","2","","Athena view resource data getter","","Athena view resource data getter","Athena view resource data getter with no `View`","Athena view resource data getter with no `View`",""
"passed","Tue Jan 31 13:10:52 GMT 2023","Tue Jan 31 13:10:52 GMT 2023","2","","Handler test for integration test support function","","Handler test for integration test support function","Input event with unknown command results in error","Input event with unknown command results in error",""
"passed","Tue Jan 31 13:10:44 GMT 2023","Tue Jan 31 13:10:44 GMT 2023","2","","Textract success handler","","Textract success handler","Textract success handler with S3 move error","Textract success handler with S3 move error",""
"passed","Tue Jan 31 13:10:45 GMT 2023","Tue Jan 31 13:10:45 GMT 2023","1","","Highest confidence Textract value getter","","Highest confidence Textract value getter","Highest confidence Textract value getter with one matching field","Highest confidence Textract value getter with one matching field",""
"passed","Tue Jan 31 13:10:46 GMT 2023","Tue Jan 31 13:10:46 GMT 2023","3","","Store Raw Invoice Textract Data handler tests","","Store Raw Invoice Textract Data handler tests","Store Raw Invoice Textract Data handler with no destination bucket set","Store Raw Invoice Textract Data handler with no destination bucket set",""
"passed","Tue Jan 31 13:10:31 GMT 2023","Tue Jan 31 13:10:31 GMT 2023","3","","Standardised invoice storer","","Standardised invoice storer","Standardised invoice storer with config fetch error","Standardised invoice storer with config fetch error",""
"passed","Tue Jan 31 13:10:54 GMT 2023","Tue Jan 31 13:10:54 GMT 2023","1","","Standardised date text getter","","Standardised date text getter","Standardised date text getter with 01.02.2000","Standardised date text getter with 01.02.2000",""
"passed","Tue Jan 31 13:10:40 GMT 2023","Tue Jan 31 13:10:40 GMT 2023","0","","Vendor service config getter","","Vendor service config getter","Vendor service config getter with field not found","Vendor service config getter with field not found",""
"passed","Tue Jan 31 13:10:57 GMT 2023","Tue Jan 31 13:10:57 GMT 2023","15","","Record sender tests","","Record sender tests","Record sender with callback error","Record sender with callback error",""
"passed","Tue Jan 31 13:10:30 GMT 2023","Tue Jan 31 13:10:30 GMT 2023","13","","Standardised invoice getter","","Standardised invoice getter","Standardised invoice getter with undefined line items","Standardised invoice getter with undefined line items",""
"passed","Tue Jan 31 13:10:58 GMT 2023","Tue Jan 31 13:10:58 GMT 2023","1","","Number from money text getter","","Number from money text getter","Number from money text getter with £ 0.00","Number from money text getter with £ 0.00",""
"passed","Tue Jan 31 13:10:41 GMT 2023","Tue Jan 31 13:10:41 GMT 2023","1","","Queued expense analysis notification data getter","","Queued expense analysis notification data getter","Queued expense analysis notification data getter with record body message not object","Queued expense analysis notification data getter with record body message not object",""
"passed","Tue Jan 31 13:10:31 GMT 2023","Tue Jan 31 13:10:31 GMT 2023","5","","S3 Textract data fetcher","","S3 Textract data fetcher","S3 Textract data fetcher with undefined fetched item","S3 Textract data fetcher with undefined fetched item",""
"passed","Tue Jan 31 13:10:31 GMT 2023","Tue Jan 31 13:10:31 GMT 2023","1","","S3 Textract data fetcher","","S3 Textract data fetcher","S3 Textract data fetcher with fetched JSON not array","S3 Textract data fetcher with fetched JSON not array",""
"passed","Tue Jan 31 13:10:41 GMT 2023","Tue Jan 31 13:10:41 GMT 2023","1","","Queued expense analysis notification data getter","","Queued expense analysis notification data getter","Queued expense analysis notification data getter with record body message not JSON serialisable","Queued expense analysis notification data getter with record body message not JSON serialisable",""
"passed","Tue Jan 31 13:10:33 GMT 2023","Tue Jan 31 13:10:33 GMT 2023","1","","Extract handler test","","Extract handler test","Extract handler with empty event does not call textract","Extract handler with empty event does not call textract",""
"passed","Tue Jan 31 13:10:47 GMT 2023","Tue Jan 31 13:10:47 GMT 2023","11","","Unit price getter","","Unit price getter","Unit price getter with Textract value","Unit price getter with Textract value",""
"passed","Tue Jan 31 13:10:41 GMT 2023","Tue Jan 31 13:10:41 GMT 2023","1","","Athena view resource data getter","","Athena view resource data getter","Athena view resource data getter with no `View.Name`","Athena view resource data getter with no `View.Name`",""
"passed","Tue Jan 31 13:10:39 GMT 2023","Tue Jan 31 13:10:39 GMT 2023","5","","Expense documents storer","","Expense documents storer","Expense documents storer with invalid record","Expense documents storer with invalid record",""
"passed","Tue Jan 31 13:10:43 GMT 2023","Tue Jan 31 13:10:43 GMT 2023","4","","Store Standardised Invoices handler tests","","Store Standardised Invoices handler tests","Store Standardised Invoices handler with no config bucket set","Store Standardised Invoices handler with no config bucket set",""
"passed","Tue Jan 31 13:10:56 GMT 2023","Tue Jan 31 13:10:56 GMT 2023","1","","src/shared/utils/date-utils.test.ts","","src/shared/utils/date-utils.test.ts","Number is zero-padded with a number that is single digits","Number is zero-padded with a number that is single digits",""
"passed","Tue Jan 31 13:10:31 GMT 2023","Tue Jan 31 13:10:31 GMT 2023","6","","Standardised invoice storer","","Standardised invoice storer","Standardised invoice storer with invalid queue record","Standardised invoice storer with invalid queue record",""
"passed","Tue Jan 31 13:10:31 GMT 2023","Tue Jan 31 13:10:31 GMT 2023","0","","S3 Textract data fetcher","","S3 Textract data fetcher","S3 Textract data fetcher with fetched line item field value detection text defined but not string","S3 Textract data fetcher with fetched line item field value detection text defined but not string",""
"passed","Tue Jan 31 13:10:46 GMT 2023","Tue Jan 31 13:10:46 GMT 2023","2","","Store Raw Invoice Textract Data handler tests","","Store Raw Invoice Textract Data handler tests","Store Raw Invoice Textract Data handler with one failing and one passing record","Store Raw Invoice Textract Data handler with one failing and one passing record",""
"passed","Tue Jan 31 13:10:39 GMT 2023","Tue Jan 31 13:10:39 GMT 2023","1","","Expense documents storer","","Expense documents storer","Expense documents storer with success handler error","Expense documents storer with success handler error",""
"passed","Tue Jan 31 13:10:39 GMT 2023","Tue Jan 31 13:10:39 GMT 2023","1","","Expense documents storer","","Expense documents storer","Expense documents storer with document fetch and failure handler errors","Expense documents storer with document fetch and failure handler errors",""
"passed","Tue Jan 31 13:10:31 GMT 2023","Tue Jan 31 13:10:31 GMT 2023","1","","S3 Textract data fetcher","","S3 Textract data fetcher","S3 Textract data fetcher with fetched summary not array","S3 Textract data fetcher with fetched summary not array",""
"passed","Tue Jan 31 13:10:44 GMT 2023","Tue Jan 31 13:10:44 GMT 2023","3","","Filter handler tests","","Filter handler tests","Filter handler with some valid events and some ignored","Filter handler with some valid events and some ignored",""
"passed","Tue Jan 31 13:10:58 GMT 2023","Tue Jan 31 13:10:58 GMT 2023","0","","Number from money text getter","","Number from money text getter","Number from money text getter with 10000.00","Number from money text getter with 10000.00",""
"passed","Tue Jan 31 13:10:54 GMT 2023","Tue Jan 31 13:10:54 GMT 2023","2","","Invoice receipt ID getter","","Invoice receipt ID getter","Invoice receipt ID getter with Textract value","Invoice receipt ID getter with Textract value",""
"passed","Tue Jan 31 13:10:31 GMT 2023","Tue Jan 31 13:10:31 GMT 2023","1","","S3 Textract data fetcher","","S3 Textract data fetcher","S3 Textract data fetcher with fetched summary field type confidence defined but not number","S3 Textract data fetcher with fetched summary field type confidence defined but not number",""
"passed","Tue Jan 31 13:10:54 GMT 2023","Tue Jan 31 13:10:54 GMT 2023","0","","Standardised date text getter","","Standardised date text getter","Standardised date text getter with 11.12.2000","Standardised date text getter with 11.12.2000",""
"passed","Tue Jan 31 13:10:39 GMT 2023","Tue Jan 31 13:10:39 GMT 2023","0","","Expense documents storer","","Expense documents storer","Expense documents storer with source file in success folder","Expense documents storer with source file in success folder",""
"passed","Tue Jan 31 13:10:56 GMT 2023","Tue Jan 31 13:10:56 GMT 2023","1","","Quantity getter","","Quantity getter","Quantity getter with value 10,000.00","Quantity getter with value 10,000.00",""
"passed","Tue Jan 31 13:10:38 GMT 2023","Tue Jan 31 13:10:38 GMT 2023","2","","src/handlers/clean/handler.test.ts","","src/handlers/clean/handler.test.ts","Clean handler with valid event record that has invalid optional values","Clean handler with valid event record that has invalid optional values",""
"passed","Tue Jan 31 13:10:49 GMT 2023","Tue Jan 31 13:10:49 GMT 2023","2","","Textract warnings logger","","Textract warnings logger","Textract warnings logger with single warning with no code or pages","Textract warnings logger with single warning with no code or pages",""
"passed","Tue Jan 31 13:10:31 GMT 2023","Tue Jan 31 13:10:31 GMT 2023","1","","S3 Textract data fetcher","","S3 Textract data fetcher","S3 Textract data fetcher with fetched JSON array of non-objects","S3 Textract data fetcher with fetched JSON array of non-objects",""
"passed","Tue Jan 31 13:10:39 GMT 2023","Tue Jan 31 13:10:39 GMT 2023","5","","Expense documents storer","","Expense documents storer","Expense documents storer with source file not in folder","Expense documents storer with source file not in folder",""
"passed","Tue Jan 31 13:10:54 GMT 2023","Tue Jan 31 13:10:54 GMT 2023","0","","Standardised date text getter","","Standardised date text getter","Standardised date text getter with 01-02-2000","Standardised date text getter with 01-02-2000",""
"passed","Tue Jan 31 13:10:31 GMT 2023","Tue Jan 31 13:10:31 GMT 2023","1","","S3 Textract data fetcher","","S3 Textract data fetcher","S3 Textract data fetcher with fetched line item field type confidence defined but not number","S3 Textract data fetcher with fetched line item field type confidence defined but not number",""
"passed","Tue Jan 31 13:10:30 GMT 2023","Tue Jan 31 13:10:30 GMT 2023","3","","Standardised invoice getter","","Standardised invoice getter","Standardised invoice getter with undefined line item groups","Standardised invoice getter with undefined line item groups",""
"passed","Tue Jan 31 13:10:56 GMT 2023","Tue Jan 31 13:10:56 GMT 2023","1","","Quantity getter","","Quantity getter","Quantity getter with value 10,000","Quantity getter with value 10,000",""
"passed","Tue Jan 31 13:10:41 GMT 2023","Tue Jan 31 13:10:41 GMT 2023","4","","Queued expense analysis notification data getter","","Queued expense analysis notification data getter","Queued expense analysis notification data getter with record body not valid JSON","Queued expense analysis notification data getter with record body not valid JSON",""
"passed","Tue Jan 31 13:10:48 GMT 2023","Tue Jan 31 13:10:48 GMT 2023","10","","Subtotal getter","","Subtotal getter","Subtotal getter with money parsing error","Subtotal getter with money parsing error",""
"passed","Tue Jan 31 13:10:54 GMT 2023","Tue Jan 31 13:10:54 GMT 2023","4","","Standardised date text getter","","Standardised date text getter","Standardised date text getter with 1 2 2000","Standardised date text getter with 1 2 2000",""
"passed","Tue Jan 31 13:10:42 GMT 2023","Tue Jan 31 13:10:42 GMT 2023","28","","src/handlers/store-transactions/handler.test.ts","","src/handlers/store-transactions/handler.test.ts","Store Transactions handler with some valid events calls s3","Store Transactions handler with some valid events calls s3",""
"passed","Tue Jan 31 13:10:35 GMT 2023","Tue Jan 31 13:10:35 GMT 2023","2","","Custom Athena view resource handler","","Custom Athena view resource handler","Custom Athena view resource handler with query execution validation error","Custom Athena view resource handler with query execution validation error",""
"passed","Tue Jan 31 13:10:38 GMT 2023","Tue Jan 31 13:10:38 GMT 2023","1","","src/handlers/clean/handler.test.ts","","src/handlers/clean/handler.test.ts","SQS output queue not defined","SQS output queue not defined",""
"passed","Tue Jan 31 13:10:49 GMT 2023","Tue Jan 31 13:10:49 GMT 2023","1","","Tax getter","","Tax getter","Tax getter with Textract value","Tax getter with Textract value",""
"passed","Tue Jan 31 13:10:53 GMT 2023","Tue Jan 31 13:10:53 GMT 2023","1","","Total getter","","Total getter","Total getter with Textract value","Total getter with Textract value",""
"passed","Tue Jan 31 13:10:41 GMT 2023","Tue Jan 31 13:10:41 GMT 2023","2","","Athena view resource data getter","","Athena view resource data getter","Athena view resource data getter with valid event","Athena view resource data getter with valid event",""
"passed","Tue Jan 31 13:10:38 GMT 2023","Tue Jan 31 13:10:38 GMT 2023","1","","src/handlers/clean/handler.test.ts","","src/handlers/clean/handler.test.ts","Clean handler with valid event record that has unwanted field","Clean handler with valid event record that has unwanted field",""
"passed","Tue Jan 31 13:10:36 GMT 2023","Tue Jan 31 13:10:36 GMT 2023","3","","src/shared/utils/s3.test.ts","","src/shared/utils/s3.test.ts","Move object with copy callback error","Move object with copy callback error",""
"passed","Tue Jan 31 13:10:49 GMT 2023","Tue Jan 31 13:10:49 GMT 2023","1","","Textract warnings logger","","Textract warnings logger","Textract warnings logger with multiple warnings","Textract warnings logger with multiple warnings",""
